id,name,record_type,record_id,blob_id,created_at
1,photo,Recipe,1,1,2019-02-10 07:58:37.094959
2,photo,Recipe,2,2,2019-02-10 08:03:22.035811
3,photo,Recipe,3,3,2019-02-10 08:05:30.321648
7,photo,Recipe,4,7,2019-02-10 18:50:02.327898
8,photo,Recipe,5,8,2019-02-10 18:51:22.961556
9,photo,Recipe,6,9,2019-02-10 18:54:46.521574
10,photo,Recipe,7,10,2019-02-10 18:55:53.789253
11,photo,Recipe,8,11,2019-02-10 18:57:13.594148
12,photo,Recipe,9,12,2019-02-10 19:02:27.60189
15,photo,Recipe,10,15,2019-02-10 23:40:13.389933
16,photo,Recipe,11,16,2019-02-11 02:59:43.050167
17,photo,Recipe,12,17,2019-02-11 03:01:52.68635
18,photo,Recipe,13,18,2019-02-11 03:08:52.120208
19,photo,Recipe,14,19,2019-02-11 03:10:53.288806
20,photo,Recipe,15,20,2019-02-11 03:12:29.33504
21,photo,Recipe,16,21,2019-02-11 03:14:24.147431
22,photo,Recipe,17,22,2019-02-11 03:15:02.440014
23,photo,Recipe,18,23,2019-02-11 03:15:34.366665
24,photo,Recipe,19,24,2019-02-11 03:16:12.998935
26,photo,Recipe,20,26,2019-02-11 03:19:41.916572
27,photo,Recipe,21,27,2019-02-11 03:22:26.851686
28,photo,Recipe,22,28,2019-02-11 03:23:41.897291
29,photo,Recipe,23,29,2019-02-11 03:24:41.369171
30,photo,Recipe,27,30,2019-02-11 03:25:38.852876
31,photo,Recipe,24,31,2019-02-11 03:28:09.191013
32,photo,Recipe,26,32,2019-02-11 03:31:19.130937
33,photo,Recipe,25,33,2019-02-11 03:34:14.585434
36,photo,Recipe,29,36,2019-02-12 07:42:02.038576
37,photo,Recipe,30,37,2019-02-15 04:05:25.329149
38,photo,Recipe,31,38,2019-02-15 06:08:11.929119
39,photo,Recipe,28,39,2019-02-15 06:45:14.046098
40,photo,Recipe,32,40,2019-04-19 03:23:11.995775
41,photo,Recipe,33,41,2019-05-20 02:02:57.170758
